<?xml version="1.0" encoding="UTF-8"?>
<!DOCTYPE suite SYSTEM "http://testng.org/testng-1.0.dtd">

<suite name="AssignmentAutomation" >

    <listeners>
        <listener class-name="com.assignment.main.core.CustomEmailableReporter" />
        <listener class-name="org.testng.reporters.jq.Main"/>
        <listener class-name="org.uncommons.reportng.HTMLReporter" />
        <listener class-name="org.uncommons.reportng.JUnitXMLReporter" />
        <listener class-name="com.bankbazaar.web.core.SuiteInitializer" />
        <listener class-name="com.bankbazaar.web.core.TestInitializer" />
        <listener class-name="com.bankbazaar.core.TestListener" />
        <listener class-name="com.bankbazaar.web.datafactory.DataInjector" />

    </listeners>

    <test name="PersonalLoan" preserve-order="true" parallel="instances" thread-count="5" verbose="1">
        <!--<test name="Humberger" parallel="methods" thread-count="2" verbose="1">-->
        <classes>
            <class name="com.assignment.apptest.tests.SearchCountry" >
                <methods>
                <include name="Search the Country"/>
                </methods>
            </class>
        </classes>
    </test>
</suite>
